Product_Name,Total_Quantity_Sold,Total_Revenue,Revenue_Contribution_Percent
add,315,78887.49,0.938021
painting,228,65989.32,0.784653
play,274,64991.87,0.772793
view,234,61987.78,0.737073
stage,239,61115.45,0.726700
write,232,59917.43,0.712455
evidence,246,59893.22,0.712167
event,191,56774.63,0.675085
air,170,55474.29,0.659623
Republican,177,53855.90,0.640380
